customer_id,name,email,address
1,Michael Newman,juliedavenport@example.org,"843 David Harbor
North Gregory, TN 54388"
2,Jennifer Davis,chodge@example.net,"017 Julia Trail Suite 974
East Katherineburgh, CO 83186"
3,John Palmer,hbailey@example.org,"3920 Adkins Cove
Taraberg, NY 28938"
4,Melinda Ruiz,cynthia83@example.net,"834 Clark Ways Apt. 585
Johnport, NC 30062"
5,Jason Castillo,rmoreno@example.org,"222 Erica Shoal
Mullinsstad, PA 63468"
6,Kelly Thompson,fjohnson@example.net,"736 Johnson Turnpike Suite 056
Petersonport, NM 10024"
7,Scott Hahn,bhoffman@example.net,"1111 Miller Hills Suite 234
Danamouth, AL 43132"
8,Nicholas Turner,longkatherine@example.net,"88354 Trujillo Cliff
Lake Luis, MO 52960"
9,Curtis Terry,lauren34@example.net,"72770 Melissa Centers
Melissafort, CT 26753"
10,Daniel Harding,pcamacho@example.net,"1690 Christopher River
North Josephton, VT 40673"
11,Danielle Orr,gardnerlindsay@example.com,"824 Shawn Rapids Apt. 273
West Ryanburgh, OH 16979"
12,Ebony Hernandez,nanderson@example.com,"USCGC Ashley
FPO AP 06443"
13,Margaret Hernandez,ladkins@example.com,"Unit 3123 Box 7345
DPO AP 94062"
14,Jennifer Grant,christinawelch@example.com,"57245 Robert Glen
East Laurahaven, IN 29377"
15,Amy Monroe,jproctor@example.com,"7055 Amber Haven
Lake Roberthaven, SD 63858"
16,Brooke Silva,charlesduarte@example.com,"4986 Carpenter Union
Gonzalesland, ME 74309"
17,Kristina Nielsen,maldonadodebra@example.com,"45358 Nathan Track Apt. 666
New Laurafurt, AZ 84604"
18,James Ward,rkline@example.net,"0413 Vincent Orchard Apt. 382
Ruizshire, RI 76794"
19,Randy Colon,ahensley@example.com,"68514 Rocha Crossing Apt. 315
Lake Jameschester, VA 28022"
20,Jimmy Kennedy,victoria32@example.net,"18298 Nancy Roads Suite 493
South Robertland, MP 62312"
21,Jason Hatfield,jessicahoward@example.net,"PSC 1663, Box 5540
APO AP 15139"
22,Charlene Roberts,michaelanderson@example.com,"39855 Garrett Crescent
South Kurt, CO 96523"
23,John Patterson,davisbriana@example.org,"747 Tran Shores Suite 599
West James, LA 20972"
24,Rebecca Freeman,wesley52@example.org,"517 Ryan Station Suite 657
New Justinstad, TN 99730"
25,Andrea Burns,mccarthybryan@example.com,"3330 Clayton Crescent Suite 339
Matthewtown, NM 50817"
26,Heather Bernard,pwatson@example.net,"Unit 0332 Box 7267
DPO AE 46620"
27,Mark Baxter,bestpenny@example.com,"5422 Michele Skyway Suite 348
South Adamtown, ND 94439"
28,Eric Brown,melindataylor@example.org,"174 Powell Port
South Samuelside, TX 63186"
29,Jesse Johnson,ericspears@example.org,"32057 Perez Crescent Suite 433
North Brianland, WV 06088"
30,Lauren Smith,drakejuan@example.com,"647 Mcgee Island
Lake Thomasside, FL 74203"
31,Daniel Holland,rparker@example.net,"13136 Cynthia Lake Suite 664
Kennedyton, MP 08631"
32,Candace Davenport,xsoto@example.net,"6418 Lee Square
Port Jasonshire, WA 46361"
33,Greg Taylor,eyates@example.com,"4686 Lisa Curve
Seanland, IA 77483"
34,James Williams,loridiaz@example.org,"375 Wilson Points
East Christinachester, TX 63696"
35,Rita Stevens,sharonolson@example.net,"332 Erica Ranch Suite 452
Nicoleburgh, IL 55454"
36,David Roberts,joyce58@example.net,"73301 James Plaza Suite 929
East Jenniferbury, NJ 15411"
37,Andrea Williams,christopherjackson@example.net,"37640 Osborn Springs
Port Connor, WA 15329"
38,Elizabeth Duran,tylerwarren@example.com,"2463 Doris Gateway
Port Kenneth, NC 31279"
39,Benjamin Snyder,teresa73@example.com,"27859 Davis Rapid
Gomezborough, MT 39833"
40,Danny Martinez,rlloyd@example.org,"67828 Brennan Heights
Claytonview, IN 40088"
41,Stephanie Hardy,devin55@example.com,"228 Collins Junctions Suite 025
Shawnland, HI 15258"
42,Angel Reynolds,ysanders@example.net,"690 Graham Passage
Amychester, KY 61382"
43,Mr. Scott Young,christopher22@example.org,"814 Campos Run
South Scott, AS 63147"
44,Crystal Baker,christopher46@example.com,"91958 Gibson Route Apt. 637
West Josephfort, VA 52435"
45,Melissa Moore,lematthew@example.org,"155 Steven Points
East Taraberg, KY 66142"
46,Danielle Rowland,diazrodney@example.org,"934 Vasquez Oval
West Wendy, IA 64035"
47,Michelle Gonzales,jessicaowens@example.com,"3016 Susan Flat
Steveberg, MP 26947"
48,Debra Wheeler,orobinson@example.org,"822 Christopher Lane
North Joseph, NC 58867"
49,James Sanders,crawfordlaura@example.com,"2074 Valerie Prairie
West Kristenborough, PW 78047"
50,Victoria Spencer,miguelcarson@example.com,"65106 Mark Well
Joshuamouth, CA 31540"
51,Charles Guerra MD,stewartwalter@example.net,"1334 Brooks Mountain
New Alexis, MA 08378"
52,Christopher Collins,adriansanchez@example.com,"4191 Dean Radial Suite 512
Oscarburgh, MT 48541"
53,Brenda Brown,uhorton@example.net,"398 Charlotte Cove
Derekfort, WV 63879"
54,Kayla Thompson,lindsey26@example.com,"463 Ronald Shoal Suite 406
West Christophermouth, MA 60092"
55,Ian Carson,philliplamb@example.org,"Unit 7876 Box 4865
DPO AP 78255"
56,Leah Garcia,coxtiffany@example.net,"35013 Skinner Route Suite 837
Elijahside, KS 02834"
57,Selena Hill MD,nielsenrenee@example.com,"Unit 4527 Box 9284
DPO AP 80850"
58,Kayla Cook,washingtonhoward@example.net,"3228 Jennifer Square Suite 307
North Kathleenbury, AZ 60952"
59,Barbara Williams,william25@example.com,"93472 Heather Summit Apt. 938
Bryantstad, WV 03477"
60,Kerry Garcia,pwright@example.com,"349 Anderson Key
Watsonberg, NH 84058"
61,Nicole Hogan,cgarcia@example.org,"136 Paul Forge
East Robertmouth, VA 99768"
62,Jackson Vasquez MD,zherrera@example.org,"7054 Jodi Views
Cardenasbury, NY 70327"
63,Christopher Gray,catherinecross@example.org,"331 Cruz Street
Nelsonberg, OH 31456"
64,Laura Curtis,robbinsdarren@example.com,"3116 Porter Shores Suite 633
Adamview, OH 01344"
65,David Nguyen,rrocha@example.com,"747 Ronnie Mews
Ericton, NV 58015"
66,Samantha Herrera,lorihughes@example.net,"7909 Michael Rapid
Crosbymouth, RI 89509"
67,Robert Richards,walterlori@example.com,"7654 Cassandra Vista Suite 802
Lake David, SC 42014"
68,Stacey Stout,patrickgibson@example.net,"0755 King Locks Suite 684
Greggland, VI 49085"
69,Taylor Lee,emily84@example.com,"148 Cynthia Key Apt. 568
East Beth, TN 69306"
70,Jeffrey Thomas,hayley94@example.net,"3125 Jonathan Junctions Apt. 808
Leview, GA 39688"
71,Thomas Terry,meganjohnson@example.com,"23438 Sanchez Centers Apt. 726
Paulport, CA 88672"
72,Jim Terry,hbaldwin@example.com,"USCGC Friedman
FPO AE 95391"
73,William Stewart,gonzalezkevin@example.com,"82234 Mariah Views Suite 085
Davidhaven, OH 24116"
74,Joseph Williams,daniel04@example.com,"9240 Pham Knolls Suite 001
South Shawn, PR 23010"
75,Tanner Lin,haleycox@example.net,"50682 Day Ridge Suite 464
Frankview, CO 15981"
76,Mr. Jerry Johnson,donald30@example.org,"0362 Emily Wells Suite 436
Woodmouth, GU 20208"
77,Anthony Scott,kristenmccall@example.net,"86301 Martin Creek Suite 117
West Larry, ID 40346"
78,Patricia Diaz,tmoore@example.org,"981 Smith Ranch Apt. 249
Michelleville, NE 39630"
79,Natalie Cummings,brittanywalker@example.com,"PSC 5227, Box 0938
APO AP 91986"
80,Johnny Rice,julieblake@example.net,"37038 Randall Springs Apt. 332
North Dawn, VA 15677"
81,Elizabeth Matthews,kaitlin94@example.net,"253 Edwards Shoal
Hortonside, LA 15597"
82,Darlene Stein,michaelmartin@example.org,"52736 Michael Centers Apt. 822
North Theresa, CA 32150"
83,Howard Crawford,sergiopoole@example.net,"USS Hill
FPO AA 62730"
84,Emily Davis MD,nicholasnorman@example.org,"961 Gonzalez Islands Apt. 256
Huberville, AS 08256"
85,Deborah Wood,zmeyer@example.org,"0668 Renee Mall Suite 057
Lake Lancestad, OK 99191"
86,Sonya Chan,bradley87@example.net,"18707 Wright Parkways Suite 449
North Tiffanybury, RI 41065"
87,Joseph Mathis,andersonsabrina@example.com,"7593 Dillon Port Apt. 764
Port Dustinland, PR 47964"
88,Rachel Soto,johnstonpaige@example.com,"3911 Catherine Fort
Patriciaton, MP 32428"
89,Janice Herrera,acevedojose@example.org,"4050 Heather Bypass
West Cheryl, AK 57631"
90,Margaret Nelson,lyonsanthony@example.net,"20933 Valenzuela Road Apt. 205
Paultown, MN 97127"
91,Amanda Wilson,rosedebbie@example.org,"65419 Kayla Common Suite 030
North Angelachester, NC 48230"
92,Paul Wheeler,christensenwilliam@example.com,"738 Frank Dam Apt. 244
Charlesland, VI 03196"
93,Margaret Ware,hsimmons@example.com,"735 Christina Falls
East Amberside, WY 40149"
94,Tim Hernandez,lauren05@example.org,"83425 Daniels Walks Apt. 268
North Anthonymouth, WA 54969"
95,Lisa Foster,sellerslisa@example.com,"05591 Owens Corners
East Lisaville, MS 86918"
96,Miranda Valenzuela,christopher93@example.net,"06053 Samuel Vista Suite 670
Tammyport, CA 97183"
97,Joshua Kelly,joseph10@example.com,"53328 John Cape
Anitaborough, HI 21141"
98,Justin Beasley,hbryant@example.net,"191 French Summit Suite 579
Port Peter, GA 80926"
99,Kristin Collins,christopherwright@example.com,"7113 Stone Stream Apt. 267
Cynthiabury, MH 73561"
100,Melanie Guerrero,kevin02@example.com,"77023 Jennifer River
South Alexanderfurt, FM 58953"
